CREATE TABLE IF NOT EXISTS city (id INTEGER primary key AUTOINCREMENT NOT NULL, name TEXT);
CREATE TABLE IF NOT EXISTS user (id INTEGER primary key AUTOINCREMENT, username TEXT NOT NULL, password TEXT NOT NULL, role INTEGER NOT NULL, token TEXT);
CREATE TABLE IF NOT EXISTS neighborhood (id INTEGER primary key AUTOINCREMENT NOT NULL, name TEXT, city_id INTEGER, FOREIGN KEY (city_id) REFERENCES city (id));
CREATE TABLE IF NOT EXISTS plan (id INTEGER primary key AUTOINCREMENT NOT NULL, name TEXT, city_id INTEGER, use_prioritization INTEGER, FOREIGN KEY (city_id) REFERENCES city (id));
CREATE TABLE IF NOT EXISTS questionary (id INTEGER primary key AUTOINCREMENT NOT NULL, name TEXT);
CREATE TABLE IF NOT EXISTS plan_questionary (plan_id INTEGER NOT NULL, questionary_id INTEGER NOT NULL, PRIMARY KEY(plan_id, questionary_id), FOREIGN KEY (plan_id) REFERENCES plan (id), FOREIGN KEY (questionary_id) REFERENCES questionary (id));
CREATE TABLE IF NOT EXISTS app_city_plan (city_id INTEGER, plan_id INTEGER, is_rural_zone BOOLEAN, primary key(city_id, plan_id), FOREIGN KEY (city_id) REFERENCES city (id), FOREIGN KEY (plan_id) REFERENCES plan (id));
CREATE TABLE IF NOT EXISTS question (id INTEGER primary key AUTOINCREMENT NOT NULL, name TEXT, description TEXT, question TEXT, position INTEGER, context_area TEXT, context_area_icon TEXT, is_rural_zone BOOLEAN, metric_id INTEGER);
CREATE TABLE IF NOT EXISTS questionary_question (questionary_id INTEGER NOT NULL, question_id INTEGER NOT NULL, PRIMARY KEY(questionary_id, question_id), FOREIGN KEY (questionary_id) REFERENCES questionary (id), FOREIGN KEY (question_id) REFERENCES question (id));
CREATE TABLE IF NOT EXISTS respondent (id INTEGER primary key AUTOINCREMENT NOT NULL, cpf TEXT, email TEXT, residence_time_range INTEGER, residence_neighborhood_id INTEGER, job_city_id INTEGER, job_neighborhood_id INTEGER, salary_range INTEGER, created_at TEXT, FOREIGN KEY (residence_neighborhood_id) REFERENCES neighborhood (id), FOREIGN KEY (job_city_id) REFERENCES city (id), FOREIGN KEY (job_neighborhood_id) REFERENCES neighborhood (id));
CREATE TABLE IF NOT EXISTS answer (plan_id INTEGER NOT NULL, questionary_id INTEGER NOT NULL, question_id INTEGER NOT NULL, respondent_id INTEGER NOT NULL, answer INTEGER NOT NULL, user_id INTEGER, created_at TEXT, is_completed BOOLEAN, PRIMARY KEY(plan_id, questionary_id, question_id, respondent_id), FOREIGN KEY (plan_id) REFERENCES plan (id), FOREIGN KEY (questionary_id) REFERENCES questionary (id), FOREIGN KEY (question_id) REFERENCES question (id), FOREIGN KEY (respondent_id) REFERENCES respondent (id), FOREIGN KEY (user_id) REFERENCES user (id));
CREATE TABLE IF NOT EXISTS answer_neighborhood (plan_id INTEGER NOT NULL, questionary_id INTEGER NOT NULL, question_id INTEGER NOT NULL, respondent_id INTEGER NOT NULL, neighborhood_id INTEGER NOT NULL, created_at TEXT, PRIMARY KEY(plan_id, questionary_id, question_id, respondent_id, neighborhood_id), FOREIGN KEY (plan_id) REFERENCES plan (id), FOREIGN KEY (neighborhood_id) REFERENCES neighborhood (id), FOREIGN KEY (questionary_id) REFERENCES questionary (id), FOREIGN KEY (question_id) REFERENCES question (id), FOREIGN KEY (respondent_id) REFERENCES respondent (id));
CREATE TABLE IF NOT EXISTS prioritization (plan_id INTEGER NOT NULL, questionary_id INTEGER NOT NULL, question_id INTEGER NOT NULL, respondent_id INTEGER NOT NULL, metric_item INTEGER NOT NULL, metric_value INTEGER NOT NULL, created_at TEXT, PRIMARY KEY(plan_id, questionary_id, question_id, respondent_id, metric_item), FOREIGN KEY (plan_id) REFERENCES plan (id), FOREIGN KEY (questionary_id) REFERENCES questionary (id), FOREIGN KEY (question_id) REFERENCES question (id), FOREIGN KEY (respondent_id) REFERENCES respondent (id));
CREATE TABLE IF NOT EXISTS metric (id INTEGER primary key AUTOINCREMENT, name TEXT NOT NULL);
CREATE TABLE IF NOT EXISTS metric_item (id INTEGER primary key AUTOINCREMENT, name TEXT NOT NULL, metric_id INTEGER, FOREIGN KEY (metric_id) REFERENCES metric (id));
CREATE TABLE IF NOT EXISTS metric_value (id INTEGER primary key AUTOINCREMENT, name TEXT NOT NULL, value INTEGER NOT NULL, icon TEXT NOT NULL, icon_selected TEXT NOT NULL, metric_item_id INTEGER, FOREIGN KEY (metric_item_id) REFERENCES metric_item (id));

INSERT INTO city(id,name) VALUES (1,'Cambuí');
INSERT INTO city(id,name) VALUES (2,'Pouso Alegre');
INSERT INTO city(id,name) VALUES (3,'Camanducaia');
INSERT INTO city(id,name) VALUES (4,'Paraisópolis');
INSERT INTO city(id,name) VALUES (5,'Extrema');
INSERT INTO city(id,name) VALUES (6,'Borda da Mata');
INSERT INTO city(id,name) VALUES (7,'Joanópolis');
INSERT INTO city(id,name) VALUES (8,'Santa Rita do Sapucaí');
INSERT INTO city(id,name) VALUES (9,'Congonhal');
INSERT INTO city(id,name) VALUES (10,'Bueno Brandão');
INSERT INTO city(id,name) VALUES (11,'São Gonçalo do Sapucaí');
INSERT INTO city(id,name) VALUES (12,'Itajubá');
INSERT INTO city(id,name) VALUES (13,'Cachoeira de Minas');
INSERT INTO city(id,name) VALUES (14,'Piranguinho');
INSERT INTO city(id,name) VALUES (15,'São José do Alegre');
INSERT INTO city(id,name) VALUES (16,'Pedralva');
INSERT INTO city(id,name) VALUES (17,'Natércia');
INSERT INTO city(id,name) VALUES (18,'Careaçu');
INSERT INTO city(id,name) VALUES (19,'São Sebastião da Bela Vista');
INSERT INTO city(id,name) VALUES (20,'Santana da Vargem');
INSERT INTO city(id,name) VALUES (21,'Carmo da Cachoeira');

INSERT INTO neighborhood(id,name,city_id) VALUES (1,'Água Branca',1);
INSERT INTO neighborhood(id,name,city_id) VALUES (2,'Água Comprida',1);
INSERT INTO neighborhood(id,name,city_id) VALUES (3,'Anhumas',1);
INSERT INTO neighborhood(id,name,city_id) VALUES (4,'Bairro Cachoeirinha',1);
INSERT INTO neighborhood(id,name,city_id) VALUES (5,'Bairro dos Vazes',1);
INSERT INTO neighborhood(id,name,city_id) VALUES (6,'Bairro Jd. Paulo Lopes',1);
INSERT INTO neighborhood(id,name,city_id) VALUES (7,'Bairro Portal das Pedras',1);
INSERT INTO neighborhood(id,name,city_id) VALUES (8,'Bairro Ramos',1);
INSERT INTO neighborhood(id,name,city_id) VALUES (9,'Bairro Santa Edwiges',1);
INSERT INTO neighborhood(id,name,city_id) VALUES (10,'Bairro Santo Antônio',1);
INSERT INTO neighborhood(id,name,city_id) VALUES (11,'Bairro Santo Expedito',1);
INSERT INTO neighborhood(id,name,city_id) VALUES (12,'Bairro Taquaruçu',1);
INSERT INTO neighborhood(id,name,city_id) VALUES (13,'Bairro Vale das Montanhas',1);
INSERT INTO neighborhood(id,name,city_id) VALUES (14,'Bom Sucesso',1);
INSERT INTO neighborhood(id,name,city_id) VALUES (15,'Braço das Antas',1);
INSERT INTO neighborhood(id,name,city_id) VALUES (16,'Cabral',1);
INSERT INTO neighborhood(id,name,city_id) VALUES (17,'Centro',1);
INSERT INTO neighborhood(id,name,city_id) VALUES (18,'Colinas do Itaim',1);
INSERT INTO neighborhood(id,name,city_id) VALUES (19,'Fonsecas',1);
INSERT INTO neighborhood(id,name,city_id) VALUES (20,'Jd. Américo',1);
INSERT INTO neighborhood(id,name,city_id) VALUES (21,'Jd. Bela Vista',1);
INSERT INTO neighborhood(id,name,city_id) VALUES (22,'Jd. Carvalho',1);
INSERT INTO neighborhood(id,name,city_id) VALUES (23,'Jd. Edith Lopes',1);
INSERT INTO neighborhood(id,name,city_id) VALUES (24,'Jd. São Benedito',1);
INSERT INTO neighborhood(id,name,city_id) VALUES (25,'Jd. Vale das Águas',1);
INSERT INTO neighborhood(id,name,city_id) VALUES (26,'Jd. Vale do Sol',1);
INSERT INTO neighborhood(id,name,city_id) VALUES (27,'Lambert',1);
INSERT INTO neighborhood(id,name,city_id) VALUES (28,'Lopes',1);
INSERT INTO neighborhood(id,name,city_id) VALUES (29,'Meia Légua',1);
INSERT INTO neighborhood(id,name,city_id) VALUES (30,'Nossa Sra. Da Aparecida',1);
INSERT INTO neighborhood(id,name,city_id) VALUES (31,'Nunes de Baixo',1);
INSERT INTO neighborhood(id,name,city_id) VALUES (32,'Nunes',1);
INSERT INTO neighborhood(id,name,city_id) VALUES (33,'Pessegueiro',1);
INSERT INTO neighborhood(id,name,city_id) VALUES (34,'Portal Monte Verde',1);
INSERT INTO neighborhood(id,name,city_id) VALUES (35,'Portão',1);
INSERT INTO neighborhood(id,name,city_id) VALUES (36,'Recanto Paraíso',1);
INSERT INTO neighborhood(id,name,city_id) VALUES (37,'Rio do Peixe',1);
INSERT INTO neighborhood(id,name,city_id) VALUES (38,'São Miguel',1);
INSERT INTO neighborhood(id,name,city_id) VALUES (39,'Vale das Rosas',1);
INSERT INTO neighborhood(id,name,city_id) VALUES (40,'Vale do Itaim',1);
INSERT INTO neighborhood(id,name,city_id) VALUES (41,'Vargem dos Ilheus',1);
INSERT INTO neighborhood(id,name,city_id) VALUES (42,'Vazes',1);
INSERT INTO neighborhood(id,name,city_id) VALUES (43,'Vila Glória',1);
INSERT INTO neighborhood(id,name,city_id) VALUES (44,'Vila Mariana',1);
INSERT INTO neighborhood(id,name,city_id) VALUES (45,'Vila Santa Cruz',1);
INSERT INTO neighborhood(id,name,city_id) VALUES (46,'Vila São Judas Tadeu',1);
INSERT INTO neighborhood(id,name,city_id) VALUES (47,'São Camilo',2);
INSERT INTO neighborhood(id,name,city_id) VALUES (48,'São Geraldo',2);
INSERT INTO neighborhood(id,name,city_id) VALUES (49,'Santa Lúcia',2);
INSERT INTO neighborhood(id,name,city_id) VALUES (50,'Guanabara',2);
INSERT INTO neighborhood(id,name,city_id) VALUES (51,'Nova Pouso Alegre',2);
INSERT INTO neighborhood(id,name,city_id) VALUES (52,'Santa Elisa',2);
INSERT INTO neighborhood(id,name,city_id) VALUES (53,'Centro',2);
INSERT INTO neighborhood(id,name,city_id) VALUES (54,'Bom Jesus',2);
INSERT INTO neighborhood(id,name,city_id) VALUES (55,'São José',2);
INSERT INTO neighborhood(id,name,city_id) VALUES (56,'Santa Cruz',2);
INSERT INTO neighborhood(id,name,city_id) VALUES (57,'Jardim Primavera',2);
INSERT INTO neighborhood(id,name,city_id) VALUES (58,'Santa Luzia',2);
INSERT INTO neighborhood(id,name,city_id) VALUES (59,'Aristeu Rios',2);
INSERT INTO neighborhood(id,name,city_id) VALUES (60,'Cidade Foch',2);
INSERT INTO neighborhood(id,name,city_id) VALUES (61,'Industrial',2);
INSERT INTO neighborhood(id,name,city_id) VALUES (62,'Recanto dos Rios',2);
INSERT INTO neighborhood(id,name,city_id) VALUES (63,'Xangrilá',2);
INSERT INTO neighborhood(id,name,city_id) VALUES (64,'Árvore Grande',2);
INSERT INTO neighborhood(id,name,city_id) VALUES (65,'Paraíso',2);
INSERT INTO neighborhood(id,name,city_id) VALUES (66,'Jardim Aureliano',2);
INSERT INTO neighborhood(id,name,city_id) VALUES (67,'São Carlos',2);
INSERT INTO neighborhood(id,name,city_id) VALUES (68,'Cidade Vergani',2);
INSERT INTO neighborhood(id,name,city_id) VALUES (69,'Jardim Califórnia',2);
INSERT INTO neighborhood(id,name,city_id) VALUES (70,'Jardim Noronha',2);
INSERT INTO neighborhood(id,name,city_id) VALUES (71,'Jardim Olímpico',2);
INSERT INTO neighborhood(id,name,city_id) VALUES (72,'Jardim Inconfidentes',2);
INSERT INTO neighborhood(id,name,city_id) VALUES (73,'Bela Vista',2);
INSERT INTO neighborhood(id,name,city_id) VALUES (74,'Jardim Jatobá',2);
INSERT INTO neighborhood(id,name,city_id) VALUES (75,'Conj. Chapadão II',2);
INSERT INTO neighborhood(id,name,city_id) VALUES (76,'Res. Morumbi',2);
INSERT INTO neighborhood(id,name,city_id) VALUES (77,'Colina Verde',2);
INSERT INTO neighborhood(id,name,city_id) VALUES (78,'Carramachão',2);
INSERT INTO neighborhood(id,name,city_id) VALUES (79,'Jardim Aeroporto',2);
INSERT INTO neighborhood(id,name,city_id) VALUES (80,'Santa Filomena',2);
INSERT INTO neighborhood(id,name,city_id) VALUES (81,'Jardim América',2);
INSERT INTO neighborhood(id,name,city_id) VALUES (82,'Jardim Europa',2);
INSERT INTO neighborhood(id,name,city_id) VALUES (83,'Vila São Geraldo',2);
INSERT INTO neighborhood(id,name,city_id) VALUES (84,'Boa Vista',2);
INSERT INTO neighborhood(id,name,city_id) VALUES (85,'Santo Antônio',2);
INSERT INTO neighborhood(id,name,city_id) VALUES (86,'Medicina',2);
INSERT INTO neighborhood(id,name,city_id) VALUES (87,'João Paulo II',2);
INSERT INTO neighborhood(id,name,city_id) VALUES (88,'Saúde',2);
INSERT INTO neighborhood(id,name,city_id) VALUES (89,'Jardim Esplanada',2);
INSERT INTO neighborhood(id,name,city_id) VALUES (90,'Nossa Sra. Do Pilar II',2);
INSERT INTO neighborhood(id,name,city_id) VALUES (91,'Jardim Altaville',2);
INSERT INTO neighborhood(id,name,city_id) VALUES (92,'Pousada dos Campos',2);
INSERT INTO neighborhood(id,name,city_id) VALUES (93,'Santa Dorotéia',2);
INSERT INTO neighborhood(id,name,city_id) VALUES (94,'Santa Ivo',2);
INSERT INTO neighborhood(id,name,city_id) VALUES (95,'Nossa Sra. Aparecida',2);
INSERT INTO neighborhood(id,name,city_id) VALUES (96,'Santa Cecília',2);
INSERT INTO neighborhood(id,name,city_id) VALUES (97,'Fátima',2);
INSERT INTO neighborhood(id,name,city_id) VALUES (98,'Fátima III',2);
INSERT INTO neighborhood(id,name,city_id) VALUES (99,'Fátima II',2);
INSERT INTO neighborhood(id,name,city_id) VALUES (100,'Faisqueira',2);
INSERT INTO neighborhood(id,name,city_id) VALUES (101,'Lot. São Pedro',2);
INSERT INTO neighborhood(id,name,city_id) VALUES (102,'Monte Azul',2);
INSERT INTO neighborhood(id,name,city_id) VALUES (103,'Bella Itália',2);
INSERT INTO neighborhood(id,name,city_id) VALUES (104,'Vila Nossa Sra. Aparecida',2);
INSERT INTO neighborhood(id,name,city_id) VALUES (105,'Ribeirão das Mortes',2);
INSERT INTO neighborhood(id,name,city_id) VALUES (106,'Santa Edwirges',2);
INSERT INTO neighborhood(id,name,city_id) VALUES (107,'Fernandes',2);
INSERT INTO neighborhood(id,name,city_id) VALUES (108,'Jardim Amazonas',2);
INSERT INTO neighborhood(id,name,city_id) VALUES (109,'São João',2);
INSERT INTO neighborhood(id,name,city_id) VALUES (110,'Vista Alegre',2);
INSERT INTO neighborhood(id,name,city_id) VALUES (111,'Jardim São João',2);
INSERT INTO neighborhood(id,name,city_id) VALUES (112,'Nossa Sra. Guadalupe',2);
INSERT INTO neighborhood(id,name,city_id) VALUES (113,'Belo Horizonte',2);
INSERT INTO neighborhood(id,name,city_id) VALUES (114,'Pres. Juscelino',2);
INSERT INTO neighborhood(id,name,city_id) VALUES (115,'Jardim Iara',2);
INSERT INTO neighborhood(id,name,city_id) VALUES (116,'Cantagalo',2);
INSERT INTO neighborhood(id,name,city_id) VALUES (117,'Jardim Fernandão',2);
INSERT INTO neighborhood(id,name,city_id) VALUES (118,'Jardim São Fernando',2);
INSERT INTO neighborhood(id,name,city_id) VALUES (119,'Jardim Caiçara',2);
INSERT INTO neighborhood(id,name,city_id) VALUES (120,'Cidade Jardim',2);
INSERT INTO neighborhood(id,name,city_id) VALUES (121,'Portal do Ipiranga',2);
INSERT INTO neighborhood(id,name,city_id) VALUES (122,'Distrito Industrial',2);
INSERT INTO neighborhood(id,name,city_id) VALUES (123,'Colina Bandeirantes',2);
INSERT INTO neighborhood(id,name,city_id) VALUES (124,'Morado do Sol',2);
INSERT INTO neighborhood(id,name,city_id) VALUES (125,'Res. Solar do Quinta',2);
INSERT INTO neighborhood(id,name,city_id) VALUES (126,'Jardim Canadá',2);
INSERT INTO neighborhood(id,name,city_id) VALUES (127,'Algodão',2);
INSERT INTO neighborhood(id,name,city_id) VALUES (128,'Cervo',2);
INSERT INTO neighborhood(id,name,city_id) VALUES (129,'São José do Pantano',2);
INSERT INTO neighborhood(id,name,city_id) VALUES (130,'Congonhal',1);
INSERT INTO neighborhood(id,name,city_id) VALUES (131,'Nunes de Cima',1);
INSERT INTO neighborhood(id,name,city_id) VALUES (132,'Vargem do Paiol',1);
INSERT INTO neighborhood(id,name,city_id) VALUES (133,'Furnas',1);
INSERT INTO neighborhood(id,name,city_id) VALUES (134,'Campestre',1);
INSERT INTO neighborhood(id,name,city_id) VALUES (135,'Itaim',1);
INSERT INTO neighborhood(id,name,city_id) VALUES (136,'Roseta',1);
INSERT INTO neighborhood(id,name,city_id) VALUES (137,'Criciúma',1);
INSERT INTO neighborhood(id,name,city_id) VALUES (138,'Serra Morena',2);
INSERT INTO neighborhood(id,name,city_id) VALUES (139,'Santa Rita I',2);
INSERT INTO neighborhood(id,name,city_id) VALUES (140,'Santa Rita II',2);
INSERT INTO neighborhood(id,name,city_id) VALUES (141,'Santa Branca',2);
INSERT INTO neighborhood(id,name,city_id) VALUES (142,'Outros',1);
INSERT INTO neighborhood(id,name,city_id) VALUES (143,'Outros',2);
INSERT INTO neighborhood(id,name,city_id) VALUES (144,'Centro',8);
INSERT INTO neighborhood(id,name,city_id) VALUES (145,'Outros',8);
INSERT INTO neighborhood(id,name,city_id) VALUES (146,'São Benedito',8);
INSERT INTO neighborhood(id,name,city_id) VALUES (147,'São Roque',8);
INSERT INTO neighborhood(id,name,city_id) VALUES (148,'São Roque 2',8);
INSERT INTO neighborhood(id,name,city_id) VALUES (149,'C.H. Dr. Luiz Rennó Mendes',8);
INSERT INTO neighborhood(id,name,city_id) VALUES (150,'Recanto das Margaridas',8);
INSERT INTO neighborhood(id,name,city_id) VALUES (151,'C.H. Pedro Sancho Vilela',8);
INSERT INTO neighborhood(id,name,city_id) VALUES (152,'Santa Felicidade',8);
INSERT INTO neighborhood(id,name,city_id) VALUES (153,'São João',8);
INSERT INTO neighborhood(id,name,city_id) VALUES (154,'Bela Vista',8);
INSERT INTO neighborhood(id,name,city_id) VALUES (155,'Centro Empresarial Paulo F Toledo',8);
INSERT INTO neighborhood(id,name,city_id) VALUES (156,'Arco-Íris',8);
INSERT INTO neighborhood(id,name,city_id) VALUES (157,'Anchieta',8);
INSERT INTO neighborhood(id,name,city_id) VALUES (158,'Novo Horizonte',8);
INSERT INTO neighborhood(id,name,city_id) VALUES (159,'Vila Operária',8);
INSERT INTO neighborhood(id,name,city_id) VALUES (160,'Joaquim Gomes',8);
INSERT INTO neighborhood(id,name,city_id) VALUES (161,'Boa Vista',8);
INSERT INTO neighborhood(id,name,city_id) VALUES (162,'Boa Vista 2',8);
INSERT INTO neighborhood(id,name,city_id) VALUES (163,'Brasília',8);
INSERT INTO neighborhood(id,name,city_id) VALUES (164,'Loteamento do Vale',8);
INSERT INTO neighborhood(id,name,city_id) VALUES (165,'Loteamento do Vale II',8);
INSERT INTO neighborhood(id,name,city_id) VALUES (166,'São José',8);
INSERT INTO neighborhood(id,name,city_id) VALUES (167,'Genoveva da Fonseca',8);
INSERT INTO neighborhood(id,name,city_id) VALUES (168,'Jardim das Palmeiras',8);
INSERT INTO neighborhood(id,name,city_id) VALUES (169,'Regina Maria',8);
INSERT INTO neighborhood(id,name,city_id) VALUES (170,'São Pedro',8);
INSERT INTO neighborhood(id,name,city_id) VALUES (171,'Bruno Matragrano',8);
INSERT INTO neighborhood(id,name,city_id) VALUES (172,'Fernandes',8);
INSERT INTO neighborhood(id,name,city_id) VALUES (173,'Jardim Beira Rio',8);
INSERT INTO neighborhood(id,name,city_id) VALUES (174,'Tonico Vicente',8);
INSERT INTO neighborhood(id,name,city_id) VALUES (175,'Maristela',8);
INSERT INTO neighborhood(id,name,city_id) VALUES (176,'Casa de Vitor',8);
INSERT INTO neighborhood(id,name,city_id) VALUES (177,'Ozório Machado',8);
INSERT INTO neighborhood(id,name,city_id) VALUES (178,'Maria Silvério',8);
INSERT INTO neighborhood(id,name,city_id) VALUES (179,'Primavera',8);
INSERT INTO neighborhood(id,name,city_id) VALUES (180,'Antônio Gonçalves Teixeira',8);
INSERT INTO neighborhood(id,name,city_id) VALUES (181,'Pedreira',8);
INSERT INTO neighborhood(id,name,city_id) VALUES (182,'Loteamento Paulo Borsato',8);
INSERT INTO neighborhood(id,name,city_id) VALUES (183,'Família Andrade',8);
INSERT INTO neighborhood(id,name,city_id) VALUES (184,'Pôr do Sol',8);
INSERT INTO neighborhood(id,name,city_id) VALUES (185,'Santa Rita',8);
INSERT INTO neighborhood(id,name,city_id) VALUES (186,'Santa Rita 2',8);
INSERT INTO neighborhood(id,name,city_id) VALUES (187,'São José',8);
INSERT INTO neighborhood(id,name,city_id) VALUES (188,'Portal do Sol',8);
INSERT INTO neighborhood(id,name,city_id) VALUES (189,'Portal da Torres',8);
INSERT INTO neighborhood(id,name,city_id) VALUES (190,'Vila das Fontes',8);
INSERT INTO neighborhood(id,name,city_id) VALUES (191,'Santa Isabel',8);
INSERT INTO neighborhood(id,name,city_id) VALUES (192,'Fortaleza',8);
INSERT INTO neighborhood(id,name,city_id) VALUES (193,'Morada do Sol',8);
INSERT INTO neighborhood(id,name,city_id) VALUES (194,'Jardim dos Estados',8);
INSERT INTO neighborhood(id,name,city_id) VALUES (195,'Viana',8);
INSERT INTO neighborhood(id,name,city_id) VALUES (196,'Santana',8);
INSERT INTO neighborhood(id,name,city_id) VALUES (197,'Santana 2',8);
INSERT INTO neighborhood(id,name,city_id) VALUES (198,'Rua Nova',8);
INSERT INTO neighborhood(id,name,city_id) VALUES (199,'Fátima',8);
INSERT INTO neighborhood(id,name,city_id) VALUES (200,'Delcides Telles',8);
INSERT INTO neighborhood(id,name,city_id) VALUES (201,'Eletrônica',8);
INSERT INTO neighborhood(id,name,city_id) VALUES (202,'Inatel',8);
INSERT INTO neighborhood(id,name,city_id) VALUES (203,'Monte Belo',8);
INSERT INTO neighborhood(id,name,city_id) VALUES (204,'Monte Verde',8);
INSERT INTO neighborhood(id,name,city_id) VALUES (205,'Jardim Santo Antônio',8);
INSERT INTO neighborhood(id,name,city_id) VALUES (206,'Monte Líbano',8);
INSERT INTO neighborhood(id,name,city_id) VALUES (207,'Jairo Grillo',8);
INSERT INTO neighborhood(id,name,city_id) VALUES (208,'São Domingos',20);
INSERT INTO neighborhood(id,name,city_id) VALUES (209,'São Luiz',20);
INSERT INTO neighborhood(id,name,city_id) VALUES (210,'Padre Vitor',20);
INSERT INTO neighborhood(id,name,city_id) VALUES (211,'Brasil',20);
INSERT INTO neighborhood(id,name,city_id) VALUES (212,'Centro',20);
INSERT INTO neighborhood(id,name,city_id) VALUES (213,'Bairro Nascimento',21);
INSERT INTO neighborhood(id,name,city_id) VALUES (214,'Distrito Industrial',21);
INSERT INTO neighborhood(id,name,city_id) VALUES (215,'Morada do Sol',21);
INSERT INTO neighborhood(id,name,city_id) VALUES (216,'Cambuci',21);
INSERT INTO neighborhood(id,name,city_id) VALUES (217,'São João',21);
INSERT INTO neighborhood(id,name,city_id) VALUES (218,'Boa Vista',21);
INSERT INTO neighborhood(id,name,city_id) VALUES (219,'Bom Retiro',21);
INSERT INTO neighborhood(id,name,city_id) VALUES (220,'Avelar Reis',21);
INSERT INTO neighborhood(id,name,city_id) VALUES (221,'São José Operário',21);
INSERT INTO neighborhood(id,name,city_id) VALUES (222,'Centro',21);
INSERT INTO neighborhood(id,name,city_id) VALUES (223,'Palmital',21);
INSERT INTO neighborhood(id,name,city_id) VALUES (224,'Serra Rica',21);
INSERT INTO neighborhood(id,name,city_id) VALUES (225,'Outros',21);
INSERT INTO neighborhood(id,name,city_id) VALUES (226,'Outros',20);
INSERT INTO neighborhood(id,name,city_id) VALUES (227,'Cajuru dos Brito',20);
INSERT INTO neighborhood(id,name,city_id) VALUES (228,'Cajuru dos Egidios',20);
INSERT INTO neighborhood(id,name,city_id) VALUES (229,'Mata',20);
INSERT INTO neighborhood(id,name,city_id) VALUES (230,'Peão',20);
INSERT INTO neighborhood(id,name,city_id) VALUES (231,'Morro Cavado',20);
INSERT INTO neighborhood(id,name,city_id) VALUES (232,'Capitinga',20);
INSERT INTO neighborhood(id,name,city_id) VALUES (233,'São Lourenço',20);
INSERT INTO neighborhood(id,name,city_id) VALUES (234,'Santa Fé',20);
INSERT INTO neighborhood(id,name,city_id) VALUES (235,'Toca',20);
INSERT INTO neighborhood(id,name,city_id) VALUES (236,'Floresta',20);
INSERT INTO neighborhood(id,name,city_id) VALUES (237,'Mantiqueira',20);
INSERT INTO neighborhood(id,name,city_id) VALUES (238,'Retiro',20);
INSERT INTO neighborhood(id,name,city_id) VALUES (239,'Macaúbas',20);
INSERT INTO neighborhood(id,name,city_id) VALUES (240,'Furtados',20);
INSERT INTO neighborhood(id,name,city_id) VALUES (241,'Serra',20);
INSERT INTO neighborhood(id,name,city_id) VALUES (242,'Samambaia',20);
INSERT INTO neighborhood(id,name,city_id) VALUES (243,'Tanque',20);
INSERT INTO neighborhood(id,name,city_id) VALUES (244,'Fidelis',20);
INSERT INTO neighborhood(id,name,city_id) VALUES (245,'Coimbra',20);
INSERT INTO neighborhood(id,name,city_id) VALUES (246,'Gordura',20);

INSERT INTO metric(id,name) VALUES (1,'GUT');
INSERT INTO metric(id,name) VALUES (2,'ESCALA DE LIKERT');

INSERT INTO metric_item(id,name,metric_id) VALUES (1,'Gravidade',1);
INSERT INTO metric_item(id,name,metric_id) VALUES (2,'Urgência',1);
INSERT INTO metric_item(id,name,metric_id) VALUES (3,'Tendência',1);
INSERT INTO metric_item(id,name,metric_id) VALUES (4,'Escala Qualitativa',2);

INSERT INTO metric_value(id,name,value,icon,icon_selected,metric_item_id) VALUES (1,'Extremamente grave',5,'5.png','5-selected.png',1);
INSERT INTO metric_value(id,name,value,icon,icon_selected,metric_item_id) VALUES (2,'Muito grave',4,'4.png','4-selected.png',1);
INSERT INTO metric_value(id,name,value,icon,icon_selected,metric_item_id) VALUES (3,'Grave',3,'3.png','3-selected.png',1);
INSERT INTO metric_value(id,name,value,icon,icon_selected,metric_item_id) VALUES (4,'Pouco grave',2,'2.png','2-selected.png',1);
INSERT INTO metric_value(id,name,value,icon,icon_selected,metric_item_id) VALUES (5,'Sem gravidade',1,'1.png','1-selected.png',1);
INSERT INTO metric_value(id,name,value,icon,icon_selected,metric_item_id) VALUES (6,'Precisa de ação imediata',5,'5.png','5-selected.png',2);
INSERT INTO metric_value(id,name,value,icon,icon_selected,metric_item_id) VALUES (7,'É urgente',4,'4.png','4-selected.png',2);
INSERT INTO metric_value(id,name,value,icon,icon_selected,metric_item_id) VALUES (8,'Assim que possível',3,'3.png','3-selected.png',2);
INSERT INTO metric_value(id,name,value,icon,icon_selected,metric_item_id) VALUES (9,'Pouco urgente',2,'2.png','2-selected.png',2);
INSERT INTO metric_value(id,name,value,icon,icon_selected,metric_item_id) VALUES (10,'Pode esperar',1,'1.png','1-selected.png',2);
INSERT INTO metric_value(id,name,value,icon,icon_selected,metric_item_id) VALUES (11,'Irá piorar rapidamente',5,'5.png','5-selected.png',3);
INSERT INTO metric_value(id,name,value,icon,icon_selected,metric_item_id) VALUES (12,'Irá piorar em pouco tempo',4,'4.png','4-selected.png',3);
INSERT INTO metric_value(id,name,value,icon,icon_selected,metric_item_id) VALUES (13,'Irá piorar',3,'3.png','3-selected.png',3);
INSERT INTO metric_value(id,name,value,icon,icon_selected,metric_item_id) VALUES (14,'Irá piorar a longo prazo',2,'2.png','2-selected.png',3);
INSERT INTO metric_value(id,name,value,icon,icon_selected,metric_item_id) VALUES (15,'Não irá mudar',1,'1.png','1-selected.png',3);
INSERT INTO metric_value(id,name,value,icon,icon_selected,metric_item_id) VALUES (16,'Péssimo',1,'5.png','5-selected.png',4);
INSERT INTO metric_value(id,name,value,icon,icon_selected,metric_item_id) VALUES (17,'Ruim',2,'4.png','4-selected.png',4);
INSERT INTO metric_value(id,name,value,icon,icon_selected,metric_item_id) VALUES (18,'Regular',3,'3.png','3-selected.png',4);
INSERT INTO metric_value(id,name,value,icon,icon_selected,metric_item_id) VALUES (19,'Bom',4,'2.png','2-selected.png',4);
INSERT INTO metric_value(id,name,value,icon,icon_selected,metric_item_id) VALUES (20,'Ótimo',5,'1.png','1-selected.png',4);

INSERT INTO plan(id,name,city_id,use_prioritization) VALUES (1,'Plano Diretor de Cambuí',1,1);
INSERT INTO plan(id,name,city_id,use_prioritization) VALUES (2,'Plano Diretor de Pouso Alegre',2,1);
INSERT INTO plan(id,name,city_id,use_prioritization) VALUES (3,'Plano Saneamento Básico SRS',8,0);
INSERT INTO plan(id,name,city_id,use_prioritization) VALUES (5,'Plano Saneamento Básico Santana da Vargem',20,0);
INSERT INTO plan(id,name,city_id,use_prioritization) VALUES (6,'Plano Saneamento Básico Carmo da Cachoeira',21,0);

INSERT INTO questionary(id,name) VALUES (1,'Segurança Pública');
INSERT INTO questionary(id,name) VALUES (2,'Mobilidade e Transporte');
INSERT INTO questionary(id,name) VALUES (3,'Uso e Ocupação do Solo');
INSERT INTO questionary(id,name) VALUES (4,'Saúde');
INSERT INTO questionary(id,name) VALUES (5,'Lazer Cultura e Turismo');
INSERT INTO questionary(id,name) VALUES (6,'Saneamento');
INSERT INTO questionary(id,name) VALUES (7,'Educação');
INSERT INTO questionary(id,name) VALUES (8,'Meio Ambiente');
INSERT INTO questionary(id,name) VALUES (9,'Abastecimento de água');
INSERT INTO questionary(id,name) VALUES (10,'Esgotamento Sanitário');
INSERT INTO questionary(id,name) VALUES (11,'Drenagem Urbana');
INSERT INTO questionary(id,name) VALUES (12,'Resíduos Sólidos');
INSERT INTO questionary(id,name) VALUES (13,'Informações Adicionais');

INSERT INTO plan_questionary(plan_id,questionary_id) VALUES (1,1);
INSERT INTO plan_questionary(plan_id,questionary_id) VALUES (2,1);
INSERT INTO plan_questionary(plan_id,questionary_id) VALUES (1,2);
INSERT INTO plan_questionary(plan_id,questionary_id) VALUES (2,2);
INSERT INTO plan_questionary(plan_id,questionary_id) VALUES (1,3);
INSERT INTO plan_questionary(plan_id,questionary_id) VALUES (2,3);
INSERT INTO plan_questionary(plan_id,questionary_id) VALUES (1,4);
INSERT INTO plan_questionary(plan_id,questionary_id) VALUES (2,4);
INSERT INTO plan_questionary(plan_id,questionary_id) VALUES (1,5);
INSERT INTO plan_questionary(plan_id,questionary_id) VALUES (2,5);
INSERT INTO plan_questionary(plan_id,questionary_id) VALUES (1,6);
INSERT INTO plan_questionary(plan_id,questionary_id) VALUES (2,6);
INSERT INTO plan_questionary(plan_id,questionary_id) VALUES (1,7);
INSERT INTO plan_questionary(plan_id,questionary_id) VALUES (2,7);
INSERT INTO plan_questionary(plan_id,questionary_id) VALUES (1,8);
INSERT INTO plan_questionary(plan_id,questionary_id) VALUES (2,8);
INSERT INTO plan_questionary(plan_id,questionary_id) VALUES (3,9);
INSERT INTO plan_questionary(plan_id,questionary_id) VALUES (5,9);
INSERT INTO plan_questionary(plan_id,questionary_id) VALUES (6,9);
INSERT INTO plan_questionary(plan_id,questionary_id) VALUES (3,10);
INSERT INTO plan_questionary(plan_id,questionary_id) VALUES (5,10);
INSERT INTO plan_questionary(plan_id,questionary_id) VALUES (6,10);
INSERT INTO plan_questionary(plan_id,questionary_id) VALUES (3,11);
INSERT INTO plan_questionary(plan_id,questionary_id) VALUES (5,11);
INSERT INTO plan_questionary(plan_id,questionary_id) VALUES (6,11);
INSERT INTO plan_questionary(plan_id,questionary_id) VALUES (3,12);
INSERT INTO plan_questionary(plan_id,questionary_id) VALUES (5,12);
INSERT INTO plan_questionary(plan_id,questionary_id) VALUES (6,12);
INSERT INTO plan_questionary(plan_id,questionary_id) VALUES (3,13);
INSERT INTO plan_questionary(plan_id,questionary_id) VALUES (5,13);
INSERT INTO plan_questionary(plan_id,questionary_id) VALUES (6,13);

INSERT INTO question(id,name,description,question,position,context_area,context_area_icon,is_rural_zone,metric_id) VALUES (1,'Problema 1 - Segurança Pública','Você acha que faltam empregos na sua cidade?','Faltam empregos na sua cidade.',1,'Segurança Pública','security-icon.png',0,NULL);
INSERT INTO question(id,name,description,question,position,context_area,context_area_icon,is_rural_zone,metric_id) VALUES (2,'Problema 1 - Segurança Pública','Você acha que há problemas de iluminação pública no seu bairro?','Há problemas de iluminação pública no seu bairro.',2,'Segurança Pública','security-icon.png',0,NULL);
INSERT INTO question(id,name,description,question,position,context_area,context_area_icon,is_rural_zone,metric_id) VALUES (3,'Problema 1 - Segurança Pública','Você se sente inseguro no seu bairro (ocorrência de crimes, assaltos, tráfico de drogas)?','É inseguro o bairro.',3,'Segurança Pública','security-icon.png',0,NULL);
INSERT INTO question(id,name,description,question,position,context_area,context_area_icon,is_rural_zone,metric_id) VALUES (4,'Problema 1 - Segurança Pública','Você acha que faltam centros de assistência para jovens/idosos/dependentes químicos na sua cidade?','Faltam centros de assistência para jovens/idosos/dependentes químicos na sua cidade.',4,'Segurança Pública','security-icon.png',0,NULL);
INSERT INTO question(id,name,description,question,position,context_area,context_area_icon,is_rural_zone,metric_id) VALUES (5,'Problema 2 - Mobilidade e Transporte','Você acha que há problemas no transporte público coletivo no seu bairro (horários, pontos de ônibus, condições do veículo)?','Há problemas no transporte público coletivo no seu bairro.',1,'Mobilidade e Transporte','urban_traffic-icon.png',0,NULL);
INSERT INTO question(id,name,description,question,position,context_area,context_area_icon,is_rural_zone,metric_id) VALUES (6,'Problema 2 - Mobilidade e Transporte','Você acha que há problemas no trânsito de bicicletas no seu bairro (sinalização, condição das ciclovias)?','Há problemas no trânsito de bicicletas no seu bairro.',2,'Mobilidade e Transporte','urban_traffic-icon.png',0,NULL);
INSERT INTO question(id,name,description,question,position,context_area,context_area_icon,is_rural_zone,metric_id) VALUES (7,'Problema 2 - Mobilidade e Transporte','Você acha que há problemas no trânsito de veículos no seu bairro (sinalização, congestionamentos)?','Há problemas no trânsito de veículos no seu bairro.',3,'Mobilidade e Transporte','urban_traffic-icon.png',0,NULL);
INSERT INTO question(id,name,description,question,position,context_area,context_area_icon,is_rural_zone,metric_id) VALUES (8,'Problema 2 - Mobilidade e Transporte','Você acha que há problemas no trânsito de pedestres no seu bairro (sinalização, condição das vias)?','Há problemas no trânsito de pedestres no seu bairro.',4,'Mobilidade e Transporte','urban_traffic-icon.png',0,NULL);
INSERT INTO question(id,name,description,question,position,context_area,context_area_icon,is_rural_zone,metric_id) VALUES (9,'Problema 3 - Uso e Ocupação do Solo','Você acha que as condições de moradia no seu bairro são inadequadas (casas precárias, falta de infraestrutura)?','As condições de moradia no seu bairro são inadequadas.',1,'Uso e Ocupação do Solo','environment-icon.png',0,NULL);
INSERT INTO question(id,name,description,question,position,context_area,context_area_icon,is_rural_zone,metric_id) VALUES (10,'Problema 3 - Uso e Ocupação do Solo','Você acha que há construções em áreas de risco no seu bairro (margem dos rios, encostas)?','Há construções em áreas de risco no seu bairro.',2,'Uso e Ocupação do Solo','environment-icon.png',0,NULL);
INSERT INTO question(id,name,description,question,position,context_area,context_area_icon,is_rural_zone,metric_id) VALUES (11,'Problema 3 - Uso e Ocupação do Solo','Você acha que há terrenos improdutivos ou abandonados no seu bairro?','Há terrenos improdutivos ou abandonados no seu bairro.',3,'Uso e Ocupação do Solo','environment-icon.png',0,NULL);
INSERT INTO question(id,name,description,question,position,context_area,context_area_icon,is_rural_zone,metric_id) VALUES (12,'Problema 3 - Uso e Ocupação do Solo','Você acha que o valor do IPTU/aluguel/compra é alto no seu bairro?','O valor do IPTU/aluguel/compra é alto no seu bairro.',4,'Uso e Ocupação do Solo','environment-icon.png',0,NULL);
INSERT INTO question(id,name,description,question,position,context_area,context_area_icon,is_rural_zone,metric_id) VALUES (13,'Problema 4 - Saúde','Você acha que há problemas nas unidades básicas de saúde/postos de saúde do seu bairro (disponibilidade de médicos, medicamentos)?','Há problemas nas unidades básicas de saúde/postos de saúde do seu bairro.',1,'Saúde','health-icon.png',0,NULL);
INSERT INTO question(id,name,description,question,position,context_area,context_area_icon,is_rural_zone,metric_id) VALUES (14,'Problema 4 - Saúde','Você acha que há problemas no transporte para o atendimento médico do seu bairro (ambulâncias, carros de saúde, atendimento a domicílio)?','Há problemas no transporte para o atendimento médico do seu bairro.',2,'Saúde','health-icon.png',0,NULL);
INSERT INTO question(id,name,description,question,position,context_area,context_area_icon,is_rural_zone,metric_id) VALUES (15,'Problema 4 - Saúde','Você tem que esperar por muito tempo para marcar consulta ou para ser atendido nas unidades de saúde pública do seu bairro?','Você tem que esperar por muito tempo para marcar consulta ou para ser atendido nas unidades de saúde pública do seu bairro.',3,'Saúde','health-icon.png',0,NULL);
INSERT INTO question(id,name,description,question,position,context_area,context_area_icon,is_rural_zone,metric_id) VALUES (16,'Problema 4 - Saúde','Você acha que faltam campanhas de combate a dengue/saúde preventiva no seu bairro?','Faltam campanhas de combate a dengue/saúde preventiva no seu bairro.',4,'Saúde','health-icon.png',0,NULL);
INSERT INTO question(id,name,description,question,position,context_area,context_area_icon,is_rural_zone,metric_id) VALUES (17,'Problema 5 - Lazer, Cultura e Turismo','Você acha que há problemas nas praças, parques e áreas verdes no seu bairro?','Há problemas nas praças, parques e áreas verdes no seu bairro.',1,'Lazer, Cultura e Turismo','culture-icon.png',0,NULL);
INSERT INTO question(id,name,description,question,position,context_area,context_area_icon,is_rural_zone,metric_id) VALUES (18,'Problema 5 - Lazer, Cultura e Turismo','Você acha que há problemas nas quadras e espaços para a prática de esportes no seu bairro?','Há problemas nas quadras e espaços para a prática de esportes no seu bairro.',2,'Lazer, Cultura e Turismo','culture-icon.png',0,NULL);
INSERT INTO question(id,name,description,question,position,context_area,context_area_icon,is_rural_zone,metric_id) VALUES (19,'Problema 5 - Lazer, Cultura e Turismo','Você acha que há problemas ou dificuldades na realização de eventos culturais/artísticos/ religiosos no seu bairro?','Há problemas ou dificuldades na realização de eventos culturais/artísticos/ religiosos no seu bairro.',3,'Lazer, Cultura e Turismo','culture-icon.png',0,NULL);
INSERT INTO question(id,name,description,question,position,context_area,context_area_icon,is_rural_zone,metric_id) VALUES (20,'Problema 5 - Lazer, Cultura e Turismo','Você acha que seu bairro possui potencial turístico mal aproveitado?','O bairro possui potencial turístico mal aproveitado.',4,'Lazer, Cultura e Turismo','culture-icon.png',0,NULL);
INSERT INTO question(id,name,description,question,position,context_area,context_area_icon,is_rural_zone,metric_id) VALUES (21,'Problema 6 - Saneamento','Você acha que há problemas de abastecimento de água no seu bairro (ligação à rede pública, interrupção no fornecimento)?','Há problemas de esgoto no seu bairro.',1,'Saneamento','water_residues-icon.png',0,NULL);
INSERT INTO question(id,name,description,question,position,context_area,context_area_icon,is_rural_zone,metric_id) VALUES (22,'Problema 6 - Saneamento','Você acha que há problemas de esgoto no seu bairro (esgoto a céu aberto, mau cheiro, despejo incorreto)?','Há problemas de lixo no seu bairro.',2,'Saneamento','water_residues-icon.png',0,NULL);
INSERT INTO question(id,name,description,question,position,context_area,context_area_icon,is_rural_zone,metric_id) VALUES (23,'Problema 6 - Saneamento','Você acha que há problemas de lixo no seu bairro (falta de coleta, deposição em local inapropriado, falta de lixeiras)?','Há problemas de lixo no seu bairro.',3,'Saneamento','water_residues-icon.png',0,NULL);
INSERT INTO question(id,name,description,question,position,context_area,context_area_icon,is_rural_zone,metric_id) VALUES (24,'Problema 6 - Saneamento','Você acha que há problemas de drenagem no seu bairro (ocorrência de alagamento, entupimento de bocas de lobo)?','Há problemas de drenagem no seu bairro.',4,'Saneamento','water_residues-icon.png',0,NULL);
INSERT INTO question(id,name,description,question,position,context_area,context_area_icon,is_rural_zone,metric_id) VALUES (25,'Problema 7 - Educação','Você acha que há problemas com as creches (0 a 3 anos) do seu bairro (infraestrutura, recursos humanos e materiais)?','Há problemas com as creches (0 a 3 anos) do seu bairro.',1,'Educação','education-icon.png',0,NULL);
INSERT INTO question(id,name,description,question,position,context_area,context_area_icon,is_rural_zone,metric_id) VALUES (26,'Problema 7 - Educação','Você acha que há problemas com a educação infantil (4 a 5 anos) do seu bairro (infraestrutura, recursos humanos e materiais)?','Há problemas com a educação infantil (4 a 5 anos) do seu bairro.',2,'Educação','education-icon.png',0,NULL);
INSERT INTO question(id,name,description,question,position,context_area,context_area_icon,is_rural_zone,metric_id) VALUES (27,'Problema 7 - Educação','Você acha que há problemas com a educação fundamental/média (6 a 18 anos) do seu bairro (infraestrutura, recursos humanos e materiais)?','Há problemas com a educação fundamental/média (6 a 18 anos) do seu bairro.',3,'Educação','education-icon.png',0,NULL);
INSERT INTO question(id,name,description,question,position,context_area,context_area_icon,is_rural_zone,metric_id) VALUES (28,'Problema 7 - Educação','Você acha que há problemas o transporte escolar do seu bairro (disponibilidade de veículos, horários)?','Há problemas o transporte escolar do seu bairro.',4,'Educação','education-icon.png',0,NULL);
INSERT INTO question(id,name,description,question,position,context_area,context_area_icon,is_rural_zone,metric_id) VALUES (29,'Problema 8 - Meio Ambiente','Você acha que faltam árvores no seu bairro?','Faltam árvores no seu bairro.',1,'Meio Ambiente','water_residues-icon.png',0,NULL);
INSERT INTO question(id,name,description,question,position,context_area,context_area_icon,is_rural_zone,metric_id) VALUES (30,'Problema 8 - Meio Ambiente','Você se sente incomodado com ruídos ou com barulho excessivo no seu bairro (comércio, veículos)?','Há incomodo com ruídos ou com barulho excessivo no seu bairro.',2,'Meio Ambiente','water_residues-icon.png',0,NULL);
INSERT INTO question(id,name,description,question,position,context_area,context_area_icon,is_rural_zone,metric_id) VALUES (31,'Problema 8 - Meio Ambiente','Você se sente incomodado com odores no seu bairro (fumaça de veículos, fábricas, mau cheiro)?','Há incomodo com odores no seu bairro.',3,'Meio Ambiente','water_residues-icon.png',0,NULL);
INSERT INTO question(id,name,description,question,position,context_area,context_area_icon,is_rural_zone,metric_id) VALUES (32,'Problema 8 - Meio Ambiente','Você acha que há problemas com zoonoses e animais abandonados no seu bairro (dengue, cães, cavalos, baratas, ratos, escorpiões)?','Há problemas com zoonoses e animais abandonados no seu bairro.',4,'Meio Ambiente','water_residues-icon.png',0,NULL);
INSERT INTO question(id,name,description,question,position,context_area,context_area_icon,is_rural_zone,metric_id) VALUES (33,'Problema 1 - Segurança Pública','Você acha que faltam empregos na sua cidade?','Faltam empregos na sua cidade.',1,'Segurança Pública','security-icon.png',1,NULL);
INSERT INTO question(id,name,description,question,position,context_area,context_area_icon,is_rural_zone,metric_id) VALUES (34,'Problema 1 - Segurança Pública','Você acha que há problemas de iluminação pública no seu bairro?','Há problemas de iluminação pública no seu bairro.',2,'Segurança Pública','security-icon.png',1,NULL);
INSERT INTO question(id,name,description,question,position,context_area,context_area_icon,is_rural_zone,metric_id) VALUES (35,'Problema 1 - Segurança Pública','Você se sente inseguro no seu bairro (ocorrência de crimes, assaltos, tráfico de drogas)?','É inseguro o bairro.',3,'Segurança Pública','security-icon.png',1,NULL);
INSERT INTO question(id,name,description,question,position,context_area,context_area_icon,is_rural_zone,metric_id) VALUES (36,'Problema 1 - Segurança Pública','Você acha que faltam centros de assistência para jovens/idosos/dependentes químicos na sua cidade?','Faltam centros de assistência para jovens/idosos/dependentes químicos na sua cidade.',4,'Segurança Pública','security-icon.png',1,NULL);
INSERT INTO question(id,name,description,question,position,context_area,context_area_icon,is_rural_zone,metric_id) VALUES (37,'Problema 2 - Mobilidade e Transporte','Você acha que há problemas no transporte público coletivo no seu bairro (horários, pontos de ônibus, condições do veículo)?','Há problemas no transporte público coletivo no seu bairro.',1,'Mobilidade e Transporte','urban_traffic-icon.png',1,NULL);
INSERT INTO question(id,name,description,question,position,context_area,context_area_icon,is_rural_zone,metric_id) VALUES (38,'Problema 2 - Mobilidade e Transporte','Você acha que há problemas no trânsito de bicicletas no seu bairro (sinalização, condição das ciclovias)?','Há problemas no trânsito de bicicletas no seu bairro.',2,'Mobilidade e Transporte','urban_traffic-icon.png',1,NULL);
INSERT INTO question(id,name,description,question,position,context_area,context_area_icon,is_rural_zone,metric_id) VALUES (39,'Problema 2 - Mobilidade e Transporte','Você acha que há problemas no trânsito de veículos no seu bairro (sinalização, congestionamentos)?','Há problemas no trânsito de veículos no seu bairro.',3,'Mobilidade e Transporte','urban_traffic-icon.png',1,NULL);
INSERT INTO question(id,name,description,question,position,context_area,context_area_icon,is_rural_zone,metric_id) VALUES (40,'Problema 2 - Mobilidade e Transporte','Você acha que há problemas no trânsito de pedestres no seu bairro (sinalização, condição das vias)?','Há problemas no trânsito de pedestres no seu bairro.',4,'Mobilidade e Transporte','urban_traffic-icon.png',1,NULL);
INSERT INTO question(id,name,description,question,position,context_area,context_area_icon,is_rural_zone,metric_id) VALUES (41,'Problema 3 - Uso e Ocupação do Solo','Você acha que as condições de moradia no seu bairro são inadequadas (casas precárias, falta de infraestrutura)?','As condições de moradia no seu bairro são inadequadas.',1,'Uso e Ocupação do Solo','environment-icon.png',1,NULL);
INSERT INTO question(id,name,description,question,position,context_area,context_area_icon,is_rural_zone,metric_id) VALUES (42,'Problema 3 - Uso e Ocupação do Solo','Você acha que há construções em áreas de risco no seu bairro (margem dos rios, encostas)?','Há construções em áreas de risco no seu bairro.',2,'Uso e Ocupação do Solo','environment-icon.png',1,NULL);
INSERT INTO question(id,name,description,question,position,context_area,context_area_icon,is_rural_zone,metric_id) VALUES (43,'Problema 3 - Uso e Ocupação do Solo','Você acha que há terrenos improdutivos ou abandonados no seu bairro?','Há terrenos improdutivos ou abandonados no seu bairro.',3,'Uso e Ocupação do Solo','environment-icon.png',1,NULL);
INSERT INTO question(id,name,description,question,position,context_area,context_area_icon,is_rural_zone,metric_id) VALUES (44,'Problema 3 - Uso e Ocupação do Solo','Você acha que o valor do IPTU/aluguel/compra é alto no seu bairro?','O valor do IPTU/aluguel/compra é alto no seu bairro.',4,'Uso e Ocupação do Solo','environment-icon.png',1,NULL);
INSERT INTO question(id,name,description,question,position,context_area,context_area_icon,is_rural_zone,metric_id) VALUES (45,'Problema 4 - Saúde','Você acha que há problemas nas unidades básicas de saúde/postos de saúde do seu bairro (disponibilidade de médicos, medicamentos)?','Há problemas nas unidades básicas de saúde/postos de saúde do seu bairro.',1,'Saúde','health-icon.png',1,NULL);
INSERT INTO question(id,name,description,question,position,context_area,context_area_icon,is_rural_zone,metric_id) VALUES (46,'Problema 4 - Saúde','Você acha que há problemas no transporte para o atendimento médico do seu bairro (ambulâncias, carros de saúde, atendimento a domicílio)?','Há problemas no transporte para o atendimento médico do seu bairro.',2,'Saúde','health-icon.png',1,NULL);
INSERT INTO question(id,name,description,question,position,context_area,context_area_icon,is_rural_zone,metric_id) VALUES (47,'Problema 4 - Saúde','Você tem que esperar por muito tempo para marcar consulta ou para ser atendido nas unidades de saúde pública do seu bairro?','Você tem que esperar por muito tempo para marcar consulta ou para ser atendido nas unidades de saúde pública do seu bairro.',3,'Saúde','health-icon.png',1,NULL);
INSERT INTO question(id,name,description,question,position,context_area,context_area_icon,is_rural_zone,metric_id) VALUES (48,'Problema 4 - Saúde','Você acha que faltam campanhas de combate a dengue/saúde preventiva no seu bairro?','Faltam campanhas de combate a dengue/saúde preventiva no seu bairro.',4,'Saúde','health-icon.png',1,NULL);
INSERT INTO question(id,name,description,question,position,context_area,context_area_icon,is_rural_zone,metric_id) VALUES (49,'Problema 5 - Lazer, Cultura e Turismo','Você acha que há problemas nas praças, parques e áreas verdes no seu bairro?','Há problemas nas praças, parques e áreas verdes no seu bairro.',1,'Lazer, Cultura e Turismo','culture-icon.png',1,NULL);
INSERT INTO question(id,name,description,question,position,context_area,context_area_icon,is_rural_zone,metric_id) VALUES (50,'Problema 5 - Lazer, Cultura e Turismo','Você acha que há problemas nas quadras e espaços para a prática de esportes no seu bairro?','Há problemas nas quadras e espaços para a prática de esportes no seu bairro.',2,'Lazer, Cultura e Turismo','culture-icon.png',1,NULL);
INSERT INTO question(id,name,description,question,position,context_area,context_area_icon,is_rural_zone,metric_id) VALUES (51,'Problema 5 - Lazer, Cultura e Turismo','Você acha que há problemas ou dificuldades na realização de eventos culturais/artísticos/ religiosos no seu bairro?','Há problemas ou dificuldades na realização de eventos culturais/artísticos/ religiosos no seu bairro.',3,'Lazer, Cultura e Turismo','culture-icon.png',1,NULL);
INSERT INTO question(id,name,description,question,position,context_area,context_area_icon,is_rural_zone,metric_id) VALUES (52,'Problema 5 - Lazer, Cultura e Turismo','Você acha que seu bairro possui potencial turístico mal aproveitado?','O bairro possui potencial turístico mal aproveitado.',4,'Lazer, Cultura e Turismo','culture-icon.png',1,NULL);
INSERT INTO question(id,name,description,question,position,context_area,context_area_icon,is_rural_zone,metric_id) VALUES (53,'Problema 6 - Saneamento','Você acha que há problemas de abastecimento de água no seu bairro (ligação à rede pública, interrupção no fornecimento)?','Há problemas de esgoto no seu bairro.',1,'Saneamento','water_residues-icon.png',1,NULL);
INSERT INTO question(id,name,description,question,position,context_area,context_area_icon,is_rural_zone,metric_id) VALUES (54,'Problema 6 - Saneamento','Você acha que há problemas de esgoto no seu bairro (esgoto a céu aberto, mau cheiro, despejo incorreto)?','Há problemas de lixo no seu bairro.',2,'Saneamento','water_residues-icon.png',1,NULL);
INSERT INTO question(id,name,description,question,position,context_area,context_area_icon,is_rural_zone,metric_id) VALUES (55,'Problema 6 - Saneamento','Você acha que há problemas de lixo no seu bairro (falta de coleta, deposição em local inapropriado, falta de lixeiras)?','Há problemas de lixo no seu bairro.',3,'Saneamento','water_residues-icon.png',1,NULL);
INSERT INTO question(id,name,description,question,position,context_area,context_area_icon,is_rural_zone,metric_id) VALUES (56,'Problema 6 - Saneamento','Você acha que há problemas de drenagem no seu bairro (ocorrência de alagamento, entupimento de bocas de lobo)?','Há problemas de drenagem no seu bairro.',4,'Saneamento','water_residues-icon.png',1,NULL);
INSERT INTO question(id,name,description,question,position,context_area,context_area_icon,is_rural_zone,metric_id) VALUES (57,'Problema 7 - Educação','Você acha que há problemas com as creches (0 a 3 anos) do seu bairro (infraestrutura, recursos humanos e materiais)?','Há problemas com as creches (0 a 3 anos) do seu bairro.',1,'Educação','education-icon.png',1,NULL);
INSERT INTO question(id,name,description,question,position,context_area,context_area_icon,is_rural_zone,metric_id) VALUES (58,'Problema 7 - Educação','Você acha que há problemas com a educação infantil (4 a 5 anos) do seu bairro (infraestrutura, recursos humanos e materiais)?','Há problemas com a educação infantil (4 a 5 anos) do seu bairro.',2,'Educação','education-icon.png',1,NULL);
INSERT INTO question(id,name,description,question,position,context_area,context_area_icon,is_rural_zone,metric_id) VALUES (59,'Problema 7 - Educação','Você acha que há problemas com a educação fundamental/média (6 a 18 anos) do seu bairro (infraestrutura, recursos humanos e materiais)?','Há problemas com a educação fundamental/média (6 a 18 anos) do seu bairro.',3,'Educação','education-icon.png',1,NULL);
INSERT INTO question(id,name,description,question,position,context_area,context_area_icon,is_rural_zone,metric_id) VALUES (60,'Problema 7 - Educação','Você acha que há problemas o transporte escolar do seu bairro (disponibilidade de veículos, horários)?','Há problemas o transporte escolar do seu bairro.',4,'Educação','education-icon.png',1,NULL);
INSERT INTO question(id,name,description,question,position,context_area,context_area_icon,is_rural_zone,metric_id) VALUES (61,'Problema 8 - Meio Ambiente','Você acha que faltam árvores no seu bairro?','Faltam árvores no seu bairro.',1,'Meio Ambiente','water_residues-icon.png',1,NULL);
INSERT INTO question(id,name,description,question,position,context_area,context_area_icon,is_rural_zone,metric_id) VALUES (62,'Problema 8 - Meio Ambiente','Você se sente incomodado com ruídos ou com barulho excessivo no seu bairro (comércio, veículos)?','Há incomodo com ruídos ou com barulho excessivo no seu bairro.',2,'Meio Ambiente','water_residues-icon.png',1,NULL);
INSERT INTO question(id,name,description,question,position,context_area,context_area_icon,is_rural_zone,metric_id) VALUES (63,'Problema 8 - Meio Ambiente','Você se sente incomodado com odores no seu bairro (fumaça de veículos, fábricas, mau cheiro)?','Há incomodo com odores no seu bairro.',3,'Meio Ambiente','water_residues-icon.png',1,NULL);
INSERT INTO question(id,name,description,question,position,context_area,context_area_icon,is_rural_zone,metric_id) VALUES (64,'Problema 8 - Meio Ambiente','Você acha que há problemas com zoonoses e animais abandonados no seu bairro (dengue, cães, cavalos, baratas, ratos, escorpiões)?','Há problemas com zoonoses e animais abandonados no seu bairro.',4,'Meio Ambiente','water_residues-icon.png',1,NULL);
INSERT INTO question(id,name,description,question,position,context_area,context_area_icon,is_rural_zone,metric_id) VALUES (65,'Problema 1 - Abastecimento de água','Falta água encanada da COPASA em sua casa?','Cobertura insuficiente da rede de distribuição de água potável',1,'Abastecimento de água','water_residues-icon.png',0,NULL);
INSERT INTO question(id,name,description,question,position,context_area,context_area_icon,is_rural_zone,metric_id) VALUES (66,'Problema 1 - Abastecimento de água','A água na sua casa apresenta sabor ou cheiro desagradável?','Má qualidade da água distribuída',2,'Abastecimento de água','water_residues-icon.png',0,NULL);
INSERT INTO question(id,name,description,question,position,context_area,context_area_icon,is_rural_zone,metric_id) VALUES (67,'Problema 1 - Abastecimento de água','Na sua casa a água apresenta alguma cor?','Má qualidade da água distribuída',3,'Abastecimento de água','water_residues-icon.png',0,NULL);
INSERT INTO question(id,name,description,question,position,context_area,context_area_icon,is_rural_zone,metric_id) VALUES (68,'Problema 1 - Abastecimento de água','Você costuma ficar sem água em casa por certos períodos durante o dia?','Interrupção de funcionamento do sistema',4,'Abastecimento de água','water_residues-icon.png',0,NULL);
INSERT INTO question(id,name,description,question,position,context_area,context_area_icon,is_rural_zone,metric_id) VALUES (69,'Problema 1 - Abastecimento de água','Você percebe saída de ar quando você abre as torneiras da sua casa?','Ar na tubulação (super faturamento da copasa)',5,'Abastecimento de água','water_residues-icon.png',0,NULL);
INSERT INTO question(id,name,description,question,position,context_area,context_area_icon,is_rural_zone,metric_id) VALUES (70,'Problema 2 - Esgotamento Sanitário','O esgoto que sai da sua casa vai direto para o rio?','Cobertura insuficiente da rede de esgotamento sanitário',1,'Esgotamento Sanitário','water_residues-icon.png',0,NULL);
INSERT INTO question(id,name,description,question,position,context_area,context_area_icon,is_rural_zone,metric_id) VALUES (71,'Problema 2 - Esgotamento Sanitário','Tem esgoto a céu aberto no seu bairro?','Esgoto a céu aberto',2,'Esgotamento Sanitário','water_residues-icon.png',0,NULL);
INSERT INTO question(id,name,description,question,position,context_area,context_area_icon,is_rural_zone,metric_id) VALUES (72,'Problema 2 - Esgotamento Sanitário','Há cheiro desagradável nas proximidades da Estação de Tratamento de Esgoto?','Odor da ETE',3,'Esgotamento Sanitário','water_residues-icon.png',0,NULL);
INSERT INTO question(id,name,description,question,position,context_area,context_area_icon,is_rural_zone,metric_id) VALUES (73,'Problema 2 - Esgotamento Sanitário','Volta esgoto para a sua casa ou nas ruas no seu bairro?','Entupimento da rede coletora de esgoto',4,'Esgotamento Sanitário','water_residues-icon.png',0,NULL);
INSERT INTO question(id,name,description,question,position,context_area,context_area_icon,is_rural_zone,metric_id) VALUES (74,'Problema 2 - Esgotamento Sanitário','Há cheiro ruim saindo dos bueiros no seu bairro?','Ligações clandestinas na rede de água pluvial',5,'Esgotamento Sanitário','water_residues-icon.png',0,NULL);
INSERT INTO question(id,name,description,question,position,context_area,context_area_icon,is_rural_zone,metric_id) VALUES (75,'Problema 3 - Drenagem Urbana','Faltam bueiros nas ruas do seu bairro?','Ausência de bocas de lobo',1,'Drenagem Urbana','water_residues-icon.png',0,NULL);
INSERT INTO question(id,name,description,question,position,context_area,context_area_icon,is_rural_zone,metric_id) VALUES (76,'Problema 3 - Drenagem Urbana','Há acumulo de lixo ou entupimento dos bueiros no seu bairro?','Acumulo de lixo com entupimento das bocas de lobo',2,'Drenagem Urbana','water_residues-icon.png',0,NULL);
INSERT INTO question(id,name,description,question,position,context_area,context_area_icon,is_rural_zone,metric_id) VALUES (77,'Problema 3 - Drenagem Urbana','Quando chove, acumula água nas ruas do seu bairro?','Alagamentos constantes',3,'Drenagem Urbana','water_residues-icon.png',0,NULL);
INSERT INTO question(id,name,description,question,position,context_area,context_area_icon,is_rural_zone,metric_id) VALUES (78,'Problema 3 - Drenagem Urbana','Os rios transbordam em épocas de chuva no seu bairro?','Enchentes frequentes',4,'Drenagem Urbana','water_residues-icon.png',0,NULL);
INSERT INTO question(id,name,description,question,position,context_area,context_area_icon,is_rural_zone,metric_id) VALUES (79,'Problema 3 - Drenagem Urbana','Há falta de árvores nas margens dos rios do seu bairro?','Ausência de vegetação nas margens dos rios',5,'Drenagem Urbana','water_residues-icon.png',0,NULL);
INSERT INTO question(id,name,description,question,position,context_area,context_area_icon,is_rural_zone,metric_id) VALUES (80,'Problema 4 - Resíduos Sólidos','Falta coleta de lixo no seu bairro?','Cobertura insuficiente da coleta de resíduos sólidos',1,'Resíduos Sólidos','water_residues-icon.png',0,NULL);
INSERT INTO question(id,name,description,question,position,context_area,context_area_icon,is_rural_zone,metric_id) VALUES (81,'Problema 4 - Resíduos Sólidos','Você acha que o caminhão de lixo deveria passar mais vezes na semana na sua rua?','Frequência insuficiente da coleta de resíduos sólidos',2,'Resíduos Sólidos','water_residues-icon.png',0,NULL);
INSERT INTO question(id,name,description,question,position,context_area,context_area_icon,is_rural_zone,metric_id) VALUES (82,'Problema 4 - Resíduos Sólidos','Falta coleta seletiva (recicláveis) no seu bairro?','Ausência de coleta seletiva',3,'Resíduos Sólidos','water_residues-icon.png',0,NULL);
INSERT INTO question(id,name,description,question,position,context_area,context_area_icon,is_rural_zone,metric_id) VALUES (83,'Problema 4 - Resíduos Sólidos','Tem acúmulo de móveis e eletrodomésticos velhos nas ruas do seu bairro?','Acúmulo de resíduos como eletrodoméstico, móveis, etc..',4,'Resíduos Sólidos','water_residues-icon.png',0,NULL);
INSERT INTO question(id,name,description,question,position,context_area,context_area_icon,is_rural_zone,metric_id) VALUES (84,'Problema 4 - Resíduos Sólidos','Há  presença de lixo nos rios no seu bairro?','Poluição de corpos d´água por resíduos sólidos',5,'Resíduos Sólidos','water_residues-icon.png',0,NULL);
INSERT INTO question(id,name,description,question,position,context_area,context_area_icon,is_rural_zone,metric_id) VALUES (85,'Problema 4 - Resíduos Sólidos','Há descarte de lixo em terrenos baldios do seu bairro?','Descarte de lixo em terrenos baldios',6,'Resíduos Sólidos','water_residues-icon.png',0,NULL);
INSERT INTO question(id,name,description,question,position,context_area,context_area_icon,is_rural_zone,metric_id) VALUES (86,'Problema 4 - Resíduos Sólidos','Falta limpeza das ruas e espaços públicos (praças, quadras) no seu bairro?','Limpeza urbana não satisfatória',7,'Resíduos Sólidos','water_residues-icon.png',0,NULL);
INSERT INTO question(id,name,description,question,position,context_area,context_area_icon,is_rural_zone,metric_id) VALUES (87,'Problema 5 - Informações Adicionais','Há ocorrência de doenças como diarréia, febre, doenças de pele na sua família?','Disseminação de doenças',1,'Informações Adicionais','water_residues-icon.png',0,NULL);
INSERT INTO question(id,name,description,question,position,context_area,context_area_icon,is_rural_zone,metric_id) VALUES (88,'Problema 5 - Informações Adicionais','Falta conscientização sobre assuntos do meio ambiente no município? (Palestras, oficinas e eventos relacionados ao meio ambiente)','Falta de ações de educação ambiental',2,'Informações Adicionais','water_residues-icon.png',0,NULL);
INSERT INTO question(id,name,description,question,position,context_area,context_area_icon,is_rural_zone,metric_id) VALUES (89,'Problema 5 - Informações Adicionais','Falta realização de campanhas de prevenção da dengue no seu município?','Falta de multirão da dengue',3,'Informações Adicionais','water_residues-icon.png',0,NULL);
INSERT INTO question(id,name,description,question,position,context_area,context_area_icon,is_rural_zone,metric_id) VALUES (90,'Problema 5 - Informações Adicionais','Como você classifica o serviço de água prestado pela COPASA?','Como você classifica o serviço de água prestado pela COPASA?',4,'Informações Adicionais','water_residues-icon.png',0,2);
INSERT INTO question(id,name,description,question,position,context_area,context_area_icon,is_rural_zone,metric_id) VALUES (91,'Problema 5 - Informações Adicionais','Como você classifica o serviço de esgoto prestado pela COPASA?','Como você classifica o serviço de esgoto prestado pela COPASA?',5,'Informações Adicionais','water_residues-icon.png',0,2);
INSERT INTO question(id,name,description,question,position,context_area,context_area_icon,is_rural_zone,metric_id) VALUES (92,'Problema 5 - Informações Adicionais','Como você classifica os serviços de coleta de lixo prestados pela Prefeitura?','Como você classifica os serviços de coleta de lixo prestados pela Prefeitura?',6,'Informações Adicionais','water_residues-icon.png',0,2);
INSERT INTO question(id,name,description,question,position,context_area,context_area_icon,is_rural_zone,metric_id) VALUES (93,'Problema 5 - Informações Adicionais','Como você classifica os serviços para drenagem de água da chuva prestados pela Prefeitura?','Como você classifica os serviços para drenagem de água da chuva prestados pela Prefeitura?',7,'Informações Adicionais','water_residues-icon.png',0,2);
INSERT INTO question(id,name,description,question,position,context_area,context_area_icon,is_rural_zone,metric_id) VALUES (94,'Problema 5 - Informações Adicionais','Você sente falta de um canal de comunicação e reclamação com os prestadores de serviço?','Ausência de ouvidoria',8,'Informações Adicionais','water_residues-icon.png',0,NULL);
INSERT INTO question(id,name,description,question,position,context_area,context_area_icon,is_rural_zone,metric_id) VALUES (95,'Problema 1 - Abastecimento de água','Falta água encanada da COPASA em sua casa?','Cobertura insuficiente da rede de distribuição de água potável',1,'Abastecimento de água','water_residues-icon.png',1,NULL);
INSERT INTO question(id,name,description,question,position,context_area,context_area_icon,is_rural_zone,metric_id) VALUES (96,'Problema 1 - Abastecimento de água','A água na sua casa apresenta sabor ou cheiro desagradável?','Má qualidade da água distribuída',2,'Abastecimento de água','water_residues-icon.png',1,NULL);
INSERT INTO question(id,name,description,question,position,context_area,context_area_icon,is_rural_zone,metric_id) VALUES (97,'Problema 1 - Abastecimento de água','Na sua casa a água apresenta alguma cor?','Má qualidade da água distribuída',3,'Abastecimento de água','water_residues-icon.png',1,NULL);
INSERT INTO question(id,name,description,question,position,context_area,context_area_icon,is_rural_zone,metric_id) VALUES (98,'Problema 1 - Abastecimento de água','Você costuma ficar sem água em casa por certos períodos durante o dia?','Interrupção de funcionamento do sistema',4,'Abastecimento de água','water_residues-icon.png',1,NULL);
INSERT INTO question(id,name,description,question,position,context_area,context_area_icon,is_rural_zone,metric_id) VALUES (99,'Problema 1 - Abastecimento de água','Você percebe saída de ar quando você abre as torneiras da sua casa?','Ar na tubulação (super faturamento da copasa)',5,'Abastecimento de água','water_residues-icon.png',1,NULL);
INSERT INTO question(id,name,description,question,position,context_area,context_area_icon,is_rural_zone,metric_id) VALUES (100,'Problema 2 - Esgotamento Sanitário','O esgoto que sai da sua casa vai direto para o rio?','Cobertura insuficiente da rede de esgotamento sanitário',1,'Esgotamento Sanitário','water_residues-icon.png',1,NULL);
INSERT INTO question(id,name,description,question,position,context_area,context_area_icon,is_rural_zone,metric_id) VALUES (101,'Problema 2 - Esgotamento Sanitário','Tem esgoto a céu aberto no seu bairro?','Esgoto a céu aberto',2,'Esgotamento Sanitário','water_residues-icon.png',1,NULL);
INSERT INTO question(id,name,description,question,position,context_area,context_area_icon,is_rural_zone,metric_id) VALUES (102,'Problema 2 - Esgotamento Sanitário','Há cheiro desagradável nas proximidades da Estação de Tratamento de Esgoto?','Odor da ETE',3,'Esgotamento Sanitário','water_residues-icon.png',1,NULL);
INSERT INTO question(id,name,description,question,position,context_area,context_area_icon,is_rural_zone,metric_id) VALUES (103,'Problema 2 - Esgotamento Sanitário','Volta esgoto para a sua casa ou nas ruas no seu bairro?','Entupimento da rede coletora de esgoto',4,'Esgotamento Sanitário','water_residues-icon.png',1,NULL);
INSERT INTO question(id,name,description,question,position,context_area,context_area_icon,is_rural_zone,metric_id) VALUES (104,'Problema 2 - Esgotamento Sanitário','Há cheiro ruim saindo dos bueiros no seu bairro?','Ligações clandestinas na rede de água pluvial',5,'Esgotamento Sanitário','water_residues-icon.png',1,NULL);
INSERT INTO question(id,name,description,question,position,context_area,context_area_icon,is_rural_zone,metric_id) VALUES (105,'Problema 3 - Drenagem Urbana','Faltam bueiros nas ruas do seu bairro?','Ausência de bocas de lobo',1,'Drenagem Urbana','water_residues-icon.png',1,NULL);
INSERT INTO question(id,name,description,question,position,context_area,context_area_icon,is_rural_zone,metric_id) VALUES (106,'Problema 3 - Drenagem Urbana','Há acumulo de lixo ou entupimento dos bueiros no seu bairro?','Acumulo de lixo com entupimento das bocas de lobo',2,'Drenagem Urbana','water_residues-icon.png',1,NULL);
INSERT INTO question(id,name,description,question,position,context_area,context_area_icon,is_rural_zone,metric_id) VALUES (107,'Problema 3 - Drenagem Urbana','Quando chove, acumula água nas ruas do seu bairro?','Alagamentos constantes',3,'Drenagem Urbana','water_residues-icon.png',1,NULL);
INSERT INTO question(id,name,description,question,position,context_area,context_area_icon,is_rural_zone,metric_id) VALUES (108,'Problema 3 - Drenagem Urbana','Os rios transbordam em épocas de chuva no seu bairro?','Enchentes frequentes',4,'Drenagem Urbana','water_residues-icon.png',1,NULL);
INSERT INTO question(id,name,description,question,position,context_area,context_area_icon,is_rural_zone,metric_id) VALUES (109,'Problema 3 - Drenagem Urbana','Há falta de árvores nas margens dos rios do seu bairro?','Ausência de vegetação nas margens dos rios',5,'Drenagem Urbana','water_residues-icon.png',1,NULL);
INSERT INTO question(id,name,description,question,position,context_area,context_area_icon,is_rural_zone,metric_id) VALUES (110,'Problema 4 - Resíduos Sólidos','Falta coleta de lixo no seu bairro?','Cobertura insuficiente da coleta de resíduos sólidos',1,'Resíduos Sólidos','water_residues-icon.png',1,NULL);
INSERT INTO question(id,name,description,question,position,context_area,context_area_icon,is_rural_zone,metric_id) VALUES (111,'Problema 4 - Resíduos Sólidos','Você acha que o caminhão de lixo deveria passar mais vezes na semana na sua rua?','Frequência insuficiente da coleta de resíduos sólidos',2,'Resíduos Sólidos','water_residues-icon.png',1,NULL);
INSERT INTO question(id,name,description,question,position,context_area,context_area_icon,is_rural_zone,metric_id) VALUES (112,'Problema 4 - Resíduos Sólidos','Falta coleta seletiva (recicláveis) no seu bairro?','Ausência de coleta seletiva',3,'Resíduos Sólidos','water_residues-icon.png',1,NULL);
INSERT INTO question(id,name,description,question,position,context_area,context_area_icon,is_rural_zone,metric_id) VALUES (113,'Problema 4 - Resíduos Sólidos','Tem acúmulo de móveis e eletrodomésticos velhos nas ruas do seu bairro?','Acúmulo de resíduos como eletrodoméstico, móveis, etc..',4,'Resíduos Sólidos','water_residues-icon.png',1,NULL);
INSERT INTO question(id,name,description,question,position,context_area,context_area_icon,is_rural_zone,metric_id) VALUES (114,'Problema 4 - Resíduos Sólidos','Há  presença de lixo nos rios no seu bairro?','Poluição de corpos d´água por resíduos sólidos',5,'Resíduos Sólidos','water_residues-icon.png',1,NULL);
INSERT INTO question(id,name,description,question,position,context_area,context_area_icon,is_rural_zone,metric_id) VALUES (115,'Problema 4 - Resíduos Sólidos','Há descarte de lixo em terrenos baldios do seu bairro?','Descarte de lixo em terrenos baldios',6,'Resíduos Sólidos','water_residues-icon.png',1,NULL);
INSERT INTO question(id,name,description,question,position,context_area,context_area_icon,is_rural_zone,metric_id) VALUES (116,'Problema 4 - Resíduos Sólidos','Falta limpeza das ruas e espaços públicos (praças, quadras) no seu bairro?','Limpeza urbana não satisfatória',7,'Resíduos Sólidos','water_residues-icon.png',1,NULL);
INSERT INTO question(id,name,description,question,position,context_area,context_area_icon,is_rural_zone,metric_id) VALUES (117,'Problema 5 - Informações Adicionais','Há ocorrência de doenças como diarréia, febre, doenças de pele na sua família?','Disseminação de doenças',1,'Informações Adicionais','water_residues-icon.png',1,NULL);
INSERT INTO question(id,name,description,question,position,context_area,context_area_icon,is_rural_zone,metric_id) VALUES (118,'Problema 5 - Informações Adicionais','Falta conscientização sobre assuntos do meio ambiente no município? (Palestras, oficinas e eventos relacionados ao meio ambiente)','Falta de ações de educação ambiental',2,'Informações Adicionais','water_residues-icon.png',1,NULL);
INSERT INTO question(id,name,description,question,position,context_area,context_area_icon,is_rural_zone,metric_id) VALUES (119,'Problema 5 - Informações Adicionais','Falta realização de campanhas de prevenção da dengue no seu município?','Falta de multirão da dengue',3,'Informações Adicionais','water_residues-icon.png',1,NULL);
INSERT INTO question(id,name,description,question,position,context_area,context_area_icon,is_rural_zone,metric_id) VALUES (120,'Problema 5 - Informações Adicionais','Como você classifica o serviço de água prestado pela COPASA?','Como você classifica o serviço de água prestado pela COPASA?',4,'Informações Adicionais','water_residues-icon.png',1,2);
INSERT INTO question(id,name,description,question,position,context_area,context_area_icon,is_rural_zone,metric_id) VALUES (121,'Problema 5 - Informações Adicionais','Como você classifica o serviço de esgoto prestado pela COPASA?','Como você classifica o serviço de esgoto prestado pela COPASA?',5,'Informações Adicionais','water_residues-icon.png',1,2);
INSERT INTO question(id,name,description,question,position,context_area,context_area_icon,is_rural_zone,metric_id) VALUES (122,'Problema 5 - Informações Adicionais','Como você classifica os serviços de coleta de lixo prestados pela Prefeitura?','Como você classifica os serviços de coleta de lixo prestados pela Prefeitura?',6,'Informações Adicionais','water_residues-icon.png',1,2);
INSERT INTO question(id,name,description,question,position,context_area,context_area_icon,is_rural_zone,metric_id) VALUES (123,'Problema 5 - Informações Adicionais','Como você classifica os serviços para drenagem de água da chuva prestados pela Prefeitura?','Como você classifica os serviços para drenagem de água da chuva prestados pela Prefeitura?',7,'Informações Adicionais','water_residues-icon.png',1,2);
INSERT INTO question(id,name,description,question,position,context_area,context_area_icon,is_rural_zone,metric_id) VALUES (124,'Problema 5 - Informações Adicionais','Você sente falta de um canal de comunicação e reclamação com os prestadores de serviço?','Ausência de ouvidoria',8,'Informações Adicionais','water_residues-icon.png',1,NULL);

INSERT INTO questionary_question(questionary_id,question_id) VALUES (1,1);
INSERT INTO questionary_question(questionary_id,question_id) VALUES (1,2);
INSERT INTO questionary_question(questionary_id,question_id) VALUES (1,3);
INSERT INTO questionary_question(questionary_id,question_id) VALUES (1,4);
INSERT INTO questionary_question(questionary_id,question_id) VALUES (2,5);
INSERT INTO questionary_question(questionary_id,question_id) VALUES (2,6);
INSERT INTO questionary_question(questionary_id,question_id) VALUES (2,7);
INSERT INTO questionary_question(questionary_id,question_id) VALUES (2,8);
INSERT INTO questionary_question(questionary_id,question_id) VALUES (3,9);
INSERT INTO questionary_question(questionary_id,question_id) VALUES (3,10);
INSERT INTO questionary_question(questionary_id,question_id) VALUES (3,11);
INSERT INTO questionary_question(questionary_id,question_id) VALUES (3,12);
INSERT INTO questionary_question(questionary_id,question_id) VALUES (4,13);
INSERT INTO questionary_question(questionary_id,question_id) VALUES (4,14);
INSERT INTO questionary_question(questionary_id,question_id) VALUES (4,15);
INSERT INTO questionary_question(questionary_id,question_id) VALUES (4,16);
INSERT INTO questionary_question(questionary_id,question_id) VALUES (5,17);
INSERT INTO questionary_question(questionary_id,question_id) VALUES (5,18);
INSERT INTO questionary_question(questionary_id,question_id) VALUES (5,19);
INSERT INTO questionary_question(questionary_id,question_id) VALUES (5,20);
INSERT INTO questionary_question(questionary_id,question_id) VALUES (6,21);
INSERT INTO questionary_question(questionary_id,question_id) VALUES (6,22);
INSERT INTO questionary_question(questionary_id,question_id) VALUES (6,23);
INSERT INTO questionary_question(questionary_id,question_id) VALUES (6,24);
INSERT INTO questionary_question(questionary_id,question_id) VALUES (7,25);
INSERT INTO questionary_question(questionary_id,question_id) VALUES (7,26);
INSERT INTO questionary_question(questionary_id,question_id) VALUES (7,27);
INSERT INTO questionary_question(questionary_id,question_id) VALUES (7,28);
INSERT INTO questionary_question(questionary_id,question_id) VALUES (8,29);
INSERT INTO questionary_question(questionary_id,question_id) VALUES (8,30);
INSERT INTO questionary_question(questionary_id,question_id) VALUES (8,31);
INSERT INTO questionary_question(questionary_id,question_id) VALUES (8,32);
INSERT INTO questionary_question(questionary_id,question_id) VALUES (1,33);
INSERT INTO questionary_question(questionary_id,question_id) VALUES (1,34);
INSERT INTO questionary_question(questionary_id,question_id) VALUES (1,35);
INSERT INTO questionary_question(questionary_id,question_id) VALUES (1,36);
INSERT INTO questionary_question(questionary_id,question_id) VALUES (2,37);
INSERT INTO questionary_question(questionary_id,question_id) VALUES (2,38);
INSERT INTO questionary_question(questionary_id,question_id) VALUES (2,39);
INSERT INTO questionary_question(questionary_id,question_id) VALUES (2,40);
INSERT INTO questionary_question(questionary_id,question_id) VALUES (3,41);
INSERT INTO questionary_question(questionary_id,question_id) VALUES (3,42);
INSERT INTO questionary_question(questionary_id,question_id) VALUES (3,43);
INSERT INTO questionary_question(questionary_id,question_id) VALUES (3,44);
INSERT INTO questionary_question(questionary_id,question_id) VALUES (4,45);
INSERT INTO questionary_question(questionary_id,question_id) VALUES (4,46);
INSERT INTO questionary_question(questionary_id,question_id) VALUES (4,47);
INSERT INTO questionary_question(questionary_id,question_id) VALUES (4,48);
INSERT INTO questionary_question(questionary_id,question_id) VALUES (5,49);
INSERT INTO questionary_question(questionary_id,question_id) VALUES (5,50);
INSERT INTO questionary_question(questionary_id,question_id) VALUES (5,51);
INSERT INTO questionary_question(questionary_id,question_id) VALUES (5,52);
INSERT INTO questionary_question(questionary_id,question_id) VALUES (6,53);
INSERT INTO questionary_question(questionary_id,question_id) VALUES (6,54);
INSERT INTO questionary_question(questionary_id,question_id) VALUES (6,55);
INSERT INTO questionary_question(questionary_id,question_id) VALUES (6,56);
INSERT INTO questionary_question(questionary_id,question_id) VALUES (7,57);
INSERT INTO questionary_question(questionary_id,question_id) VALUES (7,58);
INSERT INTO questionary_question(questionary_id,question_id) VALUES (7,59);
INSERT INTO questionary_question(questionary_id,question_id) VALUES (7,60);
INSERT INTO questionary_question(questionary_id,question_id) VALUES (8,61);
INSERT INTO questionary_question(questionary_id,question_id) VALUES (8,62);
INSERT INTO questionary_question(questionary_id,question_id) VALUES (8,63);
INSERT INTO questionary_question(questionary_id,question_id) VALUES (8,64);
INSERT INTO questionary_question(questionary_id,question_id) VALUES (9,65);
INSERT INTO questionary_question(questionary_id,question_id) VALUES (9,66);
INSERT INTO questionary_question(questionary_id,question_id) VALUES (9,67);
INSERT INTO questionary_question(questionary_id,question_id) VALUES (9,68);
INSERT INTO questionary_question(questionary_id,question_id) VALUES (9,69);
INSERT INTO questionary_question(questionary_id,question_id) VALUES (10,70);
INSERT INTO questionary_question(questionary_id,question_id) VALUES (10,71);
INSERT INTO questionary_question(questionary_id,question_id) VALUES (10,72);
INSERT INTO questionary_question(questionary_id,question_id) VALUES (10,73);
INSERT INTO questionary_question(questionary_id,question_id) VALUES (10,74);
INSERT INTO questionary_question(questionary_id,question_id) VALUES (11,75);
INSERT INTO questionary_question(questionary_id,question_id) VALUES (11,76);
INSERT INTO questionary_question(questionary_id,question_id) VALUES (11,77);
INSERT INTO questionary_question(questionary_id,question_id) VALUES (11,78);
INSERT INTO questionary_question(questionary_id,question_id) VALUES (11,79);
INSERT INTO questionary_question(questionary_id,question_id) VALUES (12,80);
INSERT INTO questionary_question(questionary_id,question_id) VALUES (12,81);
INSERT INTO questionary_question(questionary_id,question_id) VALUES (12,82);
INSERT INTO questionary_question(questionary_id,question_id) VALUES (12,83);
INSERT INTO questionary_question(questionary_id,question_id) VALUES (12,84);
INSERT INTO questionary_question(questionary_id,question_id) VALUES (12,85);
INSERT INTO questionary_question(questionary_id,question_id) VALUES (12,86);
INSERT INTO questionary_question(questionary_id,question_id) VALUES (13,87);
INSERT INTO questionary_question(questionary_id,question_id) VALUES (13,88);
INSERT INTO questionary_question(questionary_id,question_id) VALUES (13,89);
INSERT INTO questionary_question(questionary_id,question_id) VALUES (13,90);
INSERT INTO questionary_question(questionary_id,question_id) VALUES (13,91);
INSERT INTO questionary_question(questionary_id,question_id) VALUES (13,92);
INSERT INTO questionary_question(questionary_id,question_id) VALUES (13,93);
INSERT INTO questionary_question(questionary_id,question_id) VALUES (13,94);
INSERT INTO questionary_question(questionary_id,question_id) VALUES (9,95);
INSERT INTO questionary_question(questionary_id,question_id) VALUES (9,96);
INSERT INTO questionary_question(questionary_id,question_id) VALUES (9,97);
INSERT INTO questionary_question(questionary_id,question_id) VALUES (9,98);
INSERT INTO questionary_question(questionary_id,question_id) VALUES (9,99);
INSERT INTO questionary_question(questionary_id,question_id) VALUES (10,100);
INSERT INTO questionary_question(questionary_id,question_id) VALUES (10,101);
INSERT INTO questionary_question(questionary_id,question_id) VALUES (10,102);
INSERT INTO questionary_question(questionary_id,question_id) VALUES (10,103);
INSERT INTO questionary_question(questionary_id,question_id) VALUES (10,104);
INSERT INTO questionary_question(questionary_id,question_id) VALUES (11,105);
INSERT INTO questionary_question(questionary_id,question_id) VALUES (11,106);
INSERT INTO questionary_question(questionary_id,question_id) VALUES (11,107);
INSERT INTO questionary_question(questionary_id,question_id) VALUES (11,108);
INSERT INTO questionary_question(questionary_id,question_id) VALUES (11,109);
INSERT INTO questionary_question(questionary_id,question_id) VALUES (12,110);
INSERT INTO questionary_question(questionary_id,question_id) VALUES (12,111);
INSERT INTO questionary_question(questionary_id,question_id) VALUES (12,112);
INSERT INTO questionary_question(questionary_id,question_id) VALUES (12,113);
INSERT INTO questionary_question(questionary_id,question_id) VALUES (12,114);
INSERT INTO questionary_question(questionary_id,question_id) VALUES (12,115);
INSERT INTO questionary_question(questionary_id,question_id) VALUES (12,116);
INSERT INTO questionary_question(questionary_id,question_id) VALUES (13,117);
INSERT INTO questionary_question(questionary_id,question_id) VALUES (13,118);
INSERT INTO questionary_question(questionary_id,question_id) VALUES (13,119);
INSERT INTO questionary_question(questionary_id,question_id) VALUES (13,120);
INSERT INTO questionary_question(questionary_id,question_id) VALUES (13,121);
INSERT INTO questionary_question(questionary_id,question_id) VALUES (13,122);
INSERT INTO questionary_question(questionary_id,question_id) VALUES (13,123);
INSERT INTO questionary_question(questionary_id,question_id) VALUES (13,124);
